"Tract","Population","MedAge","MedIncome","PerCapIncome","PovertyRate","Bachelors","Masters","Professional","Doctorate","Education25Plus","Hispanic","RaceTotal","Black","HousingUnits","MedHomePrice"
"Tract:1807.01",4128,33.3,44422,35842,24,836,174,211,79,3076,1823,4128,186,2507,320400
"Tract:1718.02",5725,36.9,44865,19608,27.9,323,0,0,0,3812,5073,5725,0,2386,115700
"Tract:1603",5712,37,61743,23246,27.7,274,297,43,11,3758,4835,5712,479,2205,128600
"Tract:1816.02",5830,33.3,56875,28032,11.9,296,124,24,20,3924,5065,5830,197,2377,179200
"Tract:1605.01",4772,17.6,20984,11387,72.4,42,21,0,0,2019,4059,4772,510,1396,107600
"Tract:1817.18",5012,42,95144,38594,5.5,884,301,69,29,3649,2564,5012,73,1871,267700
"Tract:1708",1742,25.9,35227,15679,28,20,0,0,34,948,1536,1742,167,621,123700
"Tract:1615.03",5746,32.4,59464,23442,18.2,415,133,0,0,3378,5002,5746,54,1795,170100
"Tract:1602",2769,40.3,43547,26049,14.3,153,71,0,0,1931,2679,2769,1,1047,108300
"Tract:1218.12",6347,40.1,100668,37973,7.3,1235,495,150,75,4191,3034,6347,243,2410,282500
"Tract:1218.02",11518,31.3,94338,32719,7.5,1829,550,40,234,7149,6188,11518,2129,3757,249500
"Tract:1913.03",1704,53.1,96971,47753,5.3,232,141,49,6,1283,577,1704,30,846,386700
"Tract:1814.03",6680,30.7,51581,31061,23,574,278,135,135,3876,3706,6680,968,3909,192500
"Tract:1403",3211,35,47778,20571,27.8,86,103,0,19,1877,2943,3211,164,1237,176700
"Tract:1218.09",4672,39.7,77888,36196,7.8,850,325,35,19,3568,2223,4672,233,1910,242300
"Tract:1406",2778,32.9,71328,21327,25.6,130,40,0,0,1747,2514,2778,65,957,112400
"Tract:1818.13",7831,32.4,54124,35241,13.5,1362,521,159,66,5450,4203,7831,1161,4164,374000
"Tract:1719.12",6929,34.5,92147,37829,8.7,1316,417,84,17,4338,3822,6929,552,2514,273200
"Tract:1416",5035,35.6,74565,23965,10,239,74,0,5,3134,4678,5035,28,1415,170800
"Tract:1719.24",6745,34.8,75421,50381,3,1016,760,107,207,4566,3173,6745,1433,3384,376700
"Tract:1817.11",9453,38.4,84253,36769,10.4,1624,493,106,45,6556,5422,9453,716,3261,260400
"Tract:1720.05",9973,35.1,91940,46268,12.5,1722,806,184,133,6582,5579,9973,1274,4039,367800
"Tract:1720.08",5401,30.2,102917,46933,1.9,779,567,66,102,3063,2252,5401,558,2144,425700
"Tract:1719.26",3039,27.6,45787,37095,16,371,55,0,0,1712,1347,3039,634,1947,NA
"Tract:1604",4414,39.2,36481,18507,28.5,221,50,7,0,2984,4249,4414,12,1727,115500
"Tract:1505.01",4316,33.1,53295,22465,12.8,189,140,0,0,2713,4159,4316,118,1411,114900
"Tract:1817.03",7879,36.8,87000,45458,4.8,1717,491,170,78,5729,3308,7879,381,3092,335400
"Tract:1901",2787,43.5,43859,26009,12.7,324,156,29,9,2190,2109,2787,66,1629,195400
"Tract:1802.02",4619,43.1,27829,24255,29,370,191,30,19,3505,3703,4619,160,2433,256300
"Tract:1711",3316,39.7,52989,30709,35,166,26,0,0,2161,3183,3316,61,1324,120400
"Tract:1806.02",4080,53.6,57083,35758,8.5,502,519,162,16,3226,3051,4080,67,1898,222200
"Tract:1516",7825,37.6,59599,23919,18,547,207,7,1,5243,6852,7825,2,2792,135100
"Tract:1613.03",4403,29.4,45223,15739,25.6,127,13,15,0,2391,4082,4403,50,1243,106800
"Tract:1514",4327,36.3,76176,24193,22.5,164,22,0,9,3026,4025,4327,4,1490,153700
"Tract:1215.05",5464,34.7,72589,32828,13.6,415,139,31,11,3547,2533,5464,774,1903,173800
"Tract:1817.15",6315,35.4,62243,26578,9.2,758,159,128,51,4015,4976,6315,113,2168,205700
"Tract:1810.05",5148,28.1,30688,13891,27.8,124,69,24,11,3046,2887,5148,866,2355,209400
"Tract:1802.01",4727,41.8,41676,24305,27.7,229,125,10,5,3589,4072,4727,89,2145,171400
"Tract:1719.15",1465,52,93269,34144,16,160,68,1,7,1187,1073,1465,44,639,225500
"Tract:1703",5332,33.1,36318,15374,30.6,61,118,0,0,3192,4760,5332,136,1838,100200
"Tract:1914.09",7332,33.4,51466,35520,14.9,781,487,41,0,5058,4795,7332,481,3811,297000
"Tract:1913.04",2859,38.2,34612,24065,32.8,266,124,23,27,1874,1937,2859,27,1500,241400
"Tract:1910.06",5927,44.3,49706,24944,28.8,73,18,46,14,4187,5762,5927,82,2418,175900
"Tract:1905.04",2698,36.7,75283,31242,10.3,200,138,45,85,1918,2143,2698,68,1115,243000
"Tract:1906.01",3639,38.2,35335,15173,44.3,123,26,0,0,2336,3422,3639,2,1198,183700
"Tract:1810.03",7665,30.4,44688,25281,30.7,665,210,42,41,4696,2338,7665,839,3971,161000
"Tract:1315.03",3318,40,50172,31542,15.3,338,120,13,28,2245,1690,3318,393,1360,167200
"Tract:1307",2444,37.1,25302,17428,42.9,131,11,0,0,1675,1535,2444,683,1335,136800
"Tract:1212.06",7810,37.8,72484,29803,11.8,991,171,201,87,5027,5118,7810,355,2716,199000
"Tract:1209.02",6624,38.8,57850,54195,12.7,1268,525,250,88,5056,2399,6624,883,4043,453600
"Tract:1719.23",9791,29.9,78647,33297,8.3,1429,309,67,19,6280,6088,9791,1155,3569,282600
"Tract:1218.10",4583,34.9,111458,40509,2.7,662,234,47,73,2950,2109,4583,277,1531,300300
"Tract:1713.02",3804,37.5,53846,24253,12.2,161,67,47,7,2477,3441,3804,16,1342,157800
"Tract:1817.29",13786,31.3,119596,40694,6.6,2647,1019,59,105,7889,7455,13786,930,4400,345100
"Tract:1315.06",5767,31.3,76734,32001,9,574,181,89,25,3756,3430,5767,1188,2213,220500
"Tract:1714.01",4063,27.3,57083,18546,24.2,129,14,0,0,2217,3601,4063,0,1245,178900
"Tract:1613.02",5295,27.1,52008,17104,26.9,94,16,17,0,2813,4863,5295,315,1479,143100
"Tract:1613.04",4500,32.6,50502,20434,29.3,144,0,0,0,2724,4083,4500,67,1558,83400
"Tract:1915.06",5321,43.9,109054,63424,8.7,1171,563,408,217,3604,2312,5321,134,2717,463600
"Tract:9800.03",878,24.9,57969,30857,2.8,117,9,8,4,435,219,878,136,363,NA
"Tract:1218.11",6140,37.7,96521,43662,2.8,1443,497,332,52,4326,2267,6140,428,2574,281900
"Tract:1105",2944,25.4,26932,15142,52.1,289,77,13,0,1510,2415,2944,315,1223,163200
"Tract:1820.01",5464,36.6,114597,45380,5.1,1292,492,32,114,3467,3090,5464,121,1997,353500
"Tract:1817.32",8401,28.4,65727,29779,4,1290,370,0,20,4961,4916,8401,484,3280,209100
"Tract:1211.19",5328,39.5,78145,36588,1.6,642,259,94,42,3474,2300,5328,302,2413,255500
"Tract:1807.02",6398,28.9,47624,25095,25,558,59,68,20,3778,3969,6398,544,3273,282100
"Tract:1505.02",3327,47.4,46892,22433,14.4,37,0,9,0,2299,3273,3327,0,1253,112300
"Tract:1506",3747,36.9,47308,38776,21.5,165,69,0,0,2603,3524,3747,0,1508,112300
"Tract:1618.01",3579,36.4,66658,29736,8.6,330,135,25,32,2320,2600,3579,349,1336,174300
"Tract:1216.01",4464,33.9,59923,35054,16.6,599,179,0,64,3018,2002,4464,299,2207,238700
"Tract:1909.01",6094,40.8,53546,32454,22.1,597,404,25,14,4363,4090,6094,31,2934,245900
"Tract:1304.01",3666,35,48400,23024,36.1,223,14,0,8,2433,3120,3666,343,1468,128800
"Tract:1106",9242,37.2,23241,14500,45.5,106,25,5,0,7234,5945,9242,1442,1632,NA
"Tract:1818.23",2819,28.6,57098,32141,21.4,648,173,6,19,1616,1455,2819,257,1223,284900
"Tract:1316.10",4538,34.1,68221,26468,8.2,364,83,0,8,2823,2835,4538,892,1481,187600
"Tract:1316.14",4919,31.5,66250,28214,14.1,800,293,13,15,3084,2090,4919,1092,1748,197600
"Tract:1818.19",9121,30.1,88289,35804,16.3,1764,1070,47,207,5660,4776,9121,552,3454,315100
"Tract:1214.03",5499,34.3,53647,27652,14.1,657,107,10,10,3769,2855,5499,1474,2394,231800
"Tract:1911.01",1694,47,120938,55292,6.8,398,174,67,28,1167,623,1694,16,667,449100
"Tract:1314.02",2973,38.1,65417,23564,20.9,225,45,1,17,1980,1776,2973,793,968,173100
"Tract:1211.17",4715,37.5,72156,40910,9,1128,421,71,10,3475,1767,4715,347,2164,361600
"Tract:1718.01",5303,38.1,50971,21727,21.4,175,107,0,7,3514,4109,5303,288,1925,156000
"Tract:1404",3955,33.3,69904,25589,5.5,256,95,9,0,2498,3611,3955,44,1375,161900
"Tract:1704.02",4656,33.6,45844,18545,31.4,136,36,0,20,2928,4512,4656,102,1666,115800
"Tract:1905.01",2763,37.6,55481,25037,19.7,298,145,62,22,1927,2353,2763,0,1224,198200
"Tract:1710",5193,33.4,37488,17631,37.1,205,55,0,0,3304,5115,5193,0,1747,103100
"Tract:1805.04",4439,32,58313,20546,27.3,171,132,0,0,2617,4104,4439,272,1340,144300
"Tract:1810.04",6697,27.9,47980,27375,29.6,688,205,32,66,3835,3399,6697,441,3328,304100
"Tract:1719.14",4984,39.6,88173,32429,10.5,323,100,19,28,3276,3601,4984,411,1661,219700
"Tract:1912.01",3293,40.2,86563,39216,12.3,491,281,43,105,2447,1784,3293,126,1277,277600
"Tract:1414.03",4300,35.1,48063,27888,26,294,104,0,0,2933,3211,4300,357,2126,145300
"Tract:1314.01",12125,32.6,88244,30092,7,1356,439,21,0,7936,7544,12125,1559,4313,184900
"Tract:1219.04",3584,36.2,112522,47009,2.5,817,456,10,33,2082,1557,3584,134,1209,389100
"Tract:1817.21",3172,39.5,120357,41487,0.8,515,338,12,23,2207,1642,3172,51,1106,270700
"Tract:1816.01",3386,41.3,55189,30319,12.5,342,247,0,0,2476,2889,3386,82,1335,183300
"Tract:1705",3363,44.5,56875,25853,21.7,206,108,9,26,2687,2881,3363,15,1568,207800
"Tract:1910.03",7509,32.3,34889,22018,36.9,502,65,0,0,4710,6247,7509,274,3366,170200
"Tract:1211.16",5041,33.8,73396,40483,4.2,824,433,0,13,3329,2317,5041,139,2345,292800
"Tract:1815.04",7209,29.9,47644,36676,19.2,782,308,371,334,4683,4293,7209,925,4205,198700
"Tract:1601",7186,30.9,27307,15690,33.7,53,74,0,0,4437,7128,7186,0,2466,86500
"Tract:1405",3392,40.6,61571,24597,27,347,31,0,0,2429,2830,3392,65,1536,160300
"Tract:1501",4876,34.8,71197,36134,20.4,493,476,24,18,3669,3663,4876,207,2597,223000
"Tract:1814.02",3179,31.1,51824,35958,25.1,605,345,229,94,2544,1189,3179,176,2112,167300
"Tract:1902",3859,43.1,97550,74649,9.8,1067,641,111,87,3490,1711,3859,323,2540,551900
"Tract:1906.04",4272,30.4,51377,19708,19,83,12,0,0,2634,3990,4272,171,1421,164100
"Tract:1302",1822,28.3,44375,15952,38.5,120,21,5,8,1038,1625,1822,140,706,139900
"Tract:1914.11",4438,38.2,68768,51433,14.4,966,520,96,0,3045,2407,4438,58,2450,411800
"Tract:1914.08",2549,28.9,36498,27278,29.1,302,43,16,0,1747,1431,2549,194,1791,208200
"Tract:1303",2051,39.8,53210,32121,31.4,157,35,0,8,1422,1683,2051,256,1100,192000
"Tract:1206.01",2429,35.2,63875,44732,14.1,389,153,14,41,1840,1478,2429,45,1602,243500
"Tract:1914.12",2362,47.4,216587,92785,2.2,631,386,213,114,1672,650,2362,87,848,658800
"Tract:1915.03",5039,45.4,103672,59083,5.3,933,936,472,104,3615,2216,5039,88,2464,363300
"Tract:1923",5080,40.9,111125,65837,5.4,1119,738,233,159,3816,1641,5080,299,2602,491700
"Tract:1908",2115,40.3,176500,117293,4.1,521,293,234,72,1454,200,2115,23,975,896300
"Tract:1905.03",2852,40.1,54111,41288,11.4,412,140,195,157,2193,1806,2852,64,1472,317500
"Tract:1813.01",3933,36.1,51342,51051,10.4,934,376,131,71,2918,1907,3933,171,2606,348300
"Tract:1407",4675,40.4,53971,29356,12.8,393,113,12,12,3357,3588,4675,238,1996,218300
"Tract:1309",6093,29.7,52319,20923,22.6,416,7,0,0,3543,3921,6093,1599,2133,122800
"Tract:1919",4370,36.3,76066,50964,17.1,807,527,90,7,3349,2839,4370,277,2383,374600
"Tract:1218.04",6921,29.9,63009,28374,17.4,652,93,92,0,4315,3398,6921,1417,2712,188000
"Tract:1414.04",4269,42.8,48386,27552,16,204,62,14,0,3056,3397,4269,190,1855,189500
"Tract:1211.12",4295,37.4,64153,41126,8.4,659,201,20,62,3081,2228,4295,330,2022,238900
"Tract:1207.02",5057,54.3,86992,87316,10.4,1134,620,593,93,4038,1509,5057,112,3160,600400
"Tract:1207.01",5793,35.1,64118,39781,10.8,831,192,242,304,3869,3098,5793,81,2949,349000
"Tract:1715.02",5237,39,41537,20983,24.1,134,60,0,0,3603,4764,5237,283,2075,121500
"Tract:1712",3834,33.1,28673,16411,40.9,77,18,0,8,2443,3734,3834,37,1384,110400
"Tract:1804",4477,27.7,25515,17242,34.6,159,36,17,12,2469,3891,4477,76,1652,157000
"Tract:1805.03",4034,39.8,56389,36293,19.5,422,46,14,0,2730,3778,4034,66,1379,193600
"Tract:1815.05",4333,40.3,84488,54483,8.2,718,239,102,50,3195,2623,4333,62,1748,232600
"Tract:1509",7141,46.1,45583,19751,22.8,234,19,0,0,5172,5753,7141,18,2521,134400
"Tract:1609.02",4169,39.6,56114,23986,21.3,96,13,0,0,2710,4049,4169,84,1565,136200
"Tract:1517",8289,29.5,81333,25245,10.9,438,49,0,35,4550,7105,8289,0,2666,178400
"Tract:1521",6240,36.4,61705,22802,21.5,361,154,18,47,4371,4929,6240,16,1975,208400
"Tract:1215.07",5264,39.7,75763,30419,13.8,498,327,11,28,3736,2916,5264,686,1674,219800
"Tract:1819.02",10585,34.2,131985,68776,11.6,1587,1271,752,256,6636,4996,10585,133,4705,592900
"Tract:1914.05",8781,41.9,107008,54447,4.2,2190,1152,312,283,6243,3267,8781,628,3959,369700
"Tract:1719.13",4374,39.5,61875,28155,2.7,479,45,0,0,3195,2910,4374,355,1684,193000
"Tract:1313",5735,40.9,60924,27059,17.2,503,31,10,0,4118,4391,5735,948,2278,179200
"Tract:1615.04",5851,27.9,65746,19931,24.4,222,123,0,10,3241,5045,5851,185,1710,164300
"Tract:1215.08",3799,30.9,61438,24614,12.7,195,71,16,0,2433,2338,3799,807,1268,205100
"Tract:1709",4001,31.9,41955,17524,38.8,91,46,8,10,2305,3809,4001,31,1292,104900
"Tract:1607.02",4438,39.6,27917,22355,39.3,279,122,0,0,2966,3721,4438,252,2212,110800
"Tract:1214.04",5862,31.1,33315,15833,27.9,38,52,0,17,3342,3353,5862,1067,2124,156600
"Tract:1316.15",15950,32.8,83971,28679,8.7,1430,749,242,72,9825,7812,15950,3784,5032,241700
"Tract:1216.06",4090,42,63792,36940,8.2,475,245,0,78,3046,1517,4090,346,2284,201300
"Tract:1213",6043,35.6,82027,38185,13.8,1241,268,88,34,4207,2609,6043,216,2499,280700
"Tract:1817.16",7389,35.4,68870,31151,10.5,904,281,37,22,5213,5615,7389,90,2648,189300
"Tract:1316.09",8544,34.4,62328,30945,15.9,705,469,18,96,5277,2906,8544,2637,3402,225500
"Tract:1219.10",8373,36.8,115750,47444,1.2,1679,719,80,34,5160,2893,8373,228,3128,356900
"Tract:1817.30",3543,38.3,62875,30442,14.6,261,165,99,28,2415,2361,3543,148,1486,211600
"Tract:1316.08",7971,29.9,66432,29751,17.2,886,357,32,67,4515,2607,7971,3488,2776,260600
"Tract:1819.01",5615,27.9,59430,55519,25.5,1094,488,83,142,3313,2128,5615,898,3554,361800
"Tract:1522.01",7871,44.1,47846,24769,20.5,550,67,17,0,5971,6735,7871,86,3300,164400
"Tract:1818.25",6484,29.2,77421,36858,13.6,997,745,102,137,3834,2629,6484,106,2717,336900
"Tract:1317",1240,22.6,113250,35440,2.8,180,148,13,26,585,158,1240,157,324,NA
"Tract:1719.19",5353,31.6,79489,33354,16.2,664,143,11,35,3015,3948,5353,638,1842,227600
"Tract:1815.03",9340,31.9,58578,33270,16.2,1665,722,57,46,6111,4872,9340,1822,4413,238100
"Tract:1817.24",5382,35.9,112661,38558,9.5,805,425,118,24,3275,2667,5382,187,1672,320500
"Tract:1806.03",2044,29.3,55714,30094,17.9,294,73,19,26,1333,1381,2044,36,857,237300
"Tract:1107",799,47.3,25313,25082,39.9,27,44,0,0,717,642,799,22,697,188500
"Tract:1219.12",12325,33.6,125019,51124,2,2788,1985,174,33,8662,5244,12325,1434,4643,389900
"Tract:1720.09",11140,35.8,117074,47529,4.5,2037,986,12,113,6860,4993,11140,1881,3649,377800
"Tract:1204.01",2921,46.4,88712,58279,12.8,636,461,116,187,2178,879,2921,36,1226,407300
"Tract:1211.24",2329,51.2,116852,56746,3.3,658,256,40,54,1863,816,2329,24,1187,336300
"Tract:1920",5977,29.5,37383,52839,22.9,885,684,208,63,3484,2507,5977,284,3573,552900
"Tract:1110",2197,35.6,65365,40417,27.2,255,292,92,51,1687,1387,2197,132,1690,250000
"Tract:1215.04",7972,34,66710,31164,9.6,1317,448,14,70,5367,3248,7972,1556,3133,228800
"Tract:1316.01",9012,36.7,130290,49584,4.5,1759,851,101,140,5913,3172,9012,1729,3346,391800
"Tract:1818.09",6270,34.1,70714,33185,16.2,980,148,196,37,4510,3605,6270,382,2561,222300
"Tract:1805.01",5114,42.3,35483,22901,37.9,304,49,20,0,3470,4026,5114,474,2442,209600
"Tract:1817.05",5880,31.4,59948,30251,7.8,673,342,103,18,3798,3011,5880,936,3049,261600
"Tract:1817.04",6634,33.8,62961,26046,10.7,687,278,113,0,4301,4496,6634,240,2582,202700
"Tract:1511",6352,47.4,58763,25300,23.5,431,119,0,0,4325,5910,6352,231,2214,113000
"Tract:1809.02",8037,37.3,55461,23136,26.4,360,144,14,8,5023,7248,8037,275,3018,175100
"Tract:1806.04",5587,38.5,61509,38609,18.2,675,110,12,28,3775,4708,5587,158,2935,200200
"Tract:1809.01",4807,40.3,65352,27589,6.8,461,174,7,0,3245,3885,4807,197,2015,214300
"Tract:1815.06",3633,39.8,34508,25221,27.4,419,154,36,19,2580,2086,3633,291,1872,240400
"Tract:1808",2569,33.6,28359,20156,45.7,234,21,0,0,1693,1822,2569,294,1485,199500
"Tract:1813.02",6004,31,55266,35374,12.8,1321,212,17,57,4169,3749,6004,127,3588,244700
"Tract:1821.03",5231,38,161280,77686,1.5,1210,553,204,123,3481,1849,5231,113,1770,614700
"Tract:1504",3556,38.6,43839,22965,12.1,99,54,0,8,2519,3017,3556,168,1669,114200
"Tract:1512",10773,27.8,55292,21313,18.4,457,256,96,0,6158,9925,10773,15,3816,152800
"Tract:1615.01",8050,30.1,45570,19862,23.3,499,178,63,0,4682,6633,8050,175,3224,183500
"Tract:1612",6074,27,72431,24191,14.4,271,128,0,0,3458,4697,6074,367,1866,257500
"Tract:1611",8787,35.6,60748,20965,20.2,242,57,11,0,5606,8119,8787,0,2851,122000
"Tract:1508",3019,19,30337,19961,58.1,109,56,0,52,1318,2696,3019,40,1097,332300
"Tract:1411.01",4578,37.8,32746,24479,23.2,161,40,9,0,3160,3267,4578,496,1899,118500
"Tract:1818.22",4504,42.4,85385,46928,8.1,849,241,174,153,3493,2058,4504,389,2037,270700
"Tract:1707",4479,31.8,49543,17256,35,105,74,0,0,2653,4417,4479,26,1482,110300
"Tract:1418",5125,37.6,61389,27436,14.8,286,55,0,33,3686,3450,5125,35,1908,175300
"Tract:1716.02",4551,30.1,41318,16834,29.8,96,10,0,0,2523,4216,4551,178,1624,159400
"Tract:1507",5248,35.2,37278,20821,25.5,267,46,0,0,3526,5149,5248,19,2243,122500
"Tract:1818.14",7064,27.5,74310,43239,21.7,1507,996,166,73,4727,3515,7064,397,3778,329100
"Tract:1606",4745,35.5,44334,22175,23.9,95,99,0,0,2970,4653,4745,0,1716,103100
"Tract:1510",3366,28.8,48750,23922,16,104,7,0,0,1947,3098,3366,0,1216,115600
"Tract:1801.02",1997,41.2,90625,52134,12.1,343,234,153,31,1470,1373,1997,10,955,362400
"Tract:1610",3634,31.9,34779,18584,24.6,139,15,0,0,2217,3329,3634,0,1298,132000
"Tract:1619.02",19642,30.5,76372,31698,7.8,1775,655,234,0,12484,13533,19642,1411,6540,247400
"Tract:1618.02",12410,30.3,76312,23793,7.8,538,206,36,13,6959,9651,12410,969,3296,235500
"Tract:1609.01",2990,34.9,37803,17939,35.1,134,36,0,0,1944,2799,2990,0,1027,111400
"Tract:1922",2781,28.4,59286,34445,22.9,340,181,93,12,1834,1832,2781,158,1578,NA
"Tract:1515",2267,38.5,44185,19827,18.2,64,25,0,0,1416,1855,2267,0,967,137100
"Tract:1216.05",2417,42.1,78778,37443,4.6,186,76,59,10,1745,1060,2417,53,1126,188200
"Tract:1702",4702,38.6,23632,14549,48.5,106,12,0,0,3103,4396,4702,78,2106,114900
"Tract:1315.04",4095,36.2,64429,22915,8.5,192,44,0,0,2527,2912,4095,227,1342,154100
"Tract:1917.01",1444,49.3,158594,106440,6.8,263,276,112,28,1066,290,1444,130,583,755000
"Tract:1914.13",5837,39.2,74120,53540,3.9,1444,805,190,50,4433,2385,5837,203,3040,413900
"Tract:1910.04",3895,35.5,39981,20112,30.7,216,156,0,0,2604,3023,3895,264,1590,209800
"Tract:1910.05",2170,40.3,65417,27982,9.1,109,48,6,14,1507,1885,2170,63,837,180700
"Tract:1911.02",2249,39.4,82000,53283,7,435,197,39,26,1606,1555,2249,30,1077,393800
"Tract:1909.02",3780,42.2,92917,43740,8.3,458,223,53,2,2510,2518,3780,51,1624,253900
"Tract:1906.03",2583,33.9,48750,28292,38.9,214,46,0,5,1808,2188,2583,40,958,187600
"Tract:1904",4688,21.5,107321,52931,13.5,517,522,239,144,1936,1607,4688,169,1445,659200
"Tract:1818.18",5407,36,72417,46886,8.9,794,392,258,82,3785,2159,5407,908,2843,269900
"Tract:1410",3288,35.9,36017,20069,27.8,52,38,6,0,2337,2924,3288,110,1473,141700
"Tract:1408",5770,34.8,54250,20358,22,168,53,0,0,3612,5296,5770,196,1734,136400
"Tract:1310",7320,28.5,39608,16499,43.7,117,51,9,2,3887,3232,7320,3616,2703,132900
"Tract:1312",2619,44,37948,23876,24.7,91,52,0,0,1999,1654,2619,429,1316,163200
"Tract:1308",5546,26.7,27365,13223,49.9,341,40,8,13,2960,2043,5546,2981,2118,160000
"Tract:1304.02",4286,29.7,24833,12843,56.5,24,22,0,7,2426,3235,4286,777,1418,128400
"Tract:1218.13",1650,41.3,97679,39423,4.4,219,89,47,39,1151,689,1650,33,622,258800
"Tract:1411.02",4031,30.1,26742,17032,42.2,91,81,0,0,2197,3572,4031,182,1771,138500
"Tract:1412",7663,36.4,49259,22066,20.6,423,40,22,0,4947,6848,7663,116,2539,156700
"Tract:1214.02",11623,32.6,78721,27542,16.1,1013,314,22,77,7173,7032,11623,1286,3216,212900
"Tract:1211.15",4976,46.5,81453,47295,4.5,1075,344,69,70,3830,2212,4976,83,2280,320500
"Tract:1211.22",5211,41.3,115462,46126,4.5,1004,521,73,27,3759,1809,5211,181,1900,320600
"Tract:1209.01",2325,40.6,77619,43684,15.6,429,265,64,18,1703,1164,2325,140,1125,369300
"Tract:1813.03",4074,26.3,42091,24944,28.6,155,133,20,10,2185,1749,4074,1332,1728,295000
"Tract:1719.22",6210,29.9,80436,26440,16.9,808,148,6,0,3558,4059,6210,617,1951,237900
"Tract:1619.01",971,47.7,82667,36691,10.7,66,7,0,0,692,666,971,0,413,225800
"Tract:1620.03",5639,38.7,64034,23454,21.4,354,58,0,0,3922,4726,5639,0,1764,162800
"Tract:9801",1140,24.3,57500,21397,33.1,30,0,0,0,558,791,1140,82,366,NA
"Tract:1614",7384,21.3,69219,24672,14,522,136,10,3,1782,1169,7384,1194,488,NA
"Tract:1818.24",4052,34.3,93365,43712,12.1,802,384,0,48,2413,2088,4052,493,1445,288200
"Tract:1713.01",3099,29.2,45341,21844,20.7,63,74,37,10,1860,2818,3099,0,882,124200
"Tract:1918.13",6865,37.4,118393,54698,4,1548,819,113,38,4405,2773,6865,188,2549,365100
"Tract:1720.04",13758,34.7,110760,42494,4.2,2481,1691,16,180,8868,5367,13758,1620,4985,382400
"Tract:1219.05",7340,37.8,149563,67738,7.6,1568,1007,343,107,4801,2780,7340,567,2931,559000
"Tract:1918.10",6709,35.1,91789,50342,16.1,1554,369,142,440,4080,2161,6709,887,2480,554500
"Tract:1520",3858,25.6,72976,24287,16,132,45,0,24,2002,3046,3858,112,1381,213000
"Tract:1620.04",3282,42,64813,24618,9.8,186,134,18,0,2170,2781,3282,23,1125,203900
"Tract:9800.05",53,44.6,142292,58755,13.2,10,9,0,0,36,4,53,0,19,487500
"Tract:1817.26",13362,30.6,138612,36756,3.5,1651,1042,79,124,8201,7987,13362,637,3787,285300
"Tract:1817.23",4349,34.3,94071,30770,13.7,611,159,43,30,2743,2700,4349,168,1336,239800
"Tract:1103",2599,37.6,50189,30198,30.7,358,136,48,22,1751,1927,2599,114,1691,439800
"Tract:1719.17",8445,34.5,93171,37733,7,1136,505,62,0,4995,5501,8445,560,2770,244000
"Tract:1818.15",3184,34.2,93288,44536,6.9,644,227,110,60,2135,1659,3184,247,1412,317500
"Tract:1918.09",8018,41.2,175046,64907,1.5,2049,1016,257,169,5378,2921,8018,257,2765,475300
"Tract:1818.17",2952,47.5,74712,41583,8.7,568,151,10,72,2353,1648,2952,377,1320,308200
"Tract:1818.16",4647,38.1,91452,50421,9.6,694,496,292,185,3495,2309,4647,285,1825,312100
"Tract:1219.03",5828,40.8,118136,59854,0.9,1648,719,184,94,4620,1956,5828,475,2783,382700
"Tract:1821.06",11493,37.2,128438,48274,3.4,2489,1157,382,173,7599,6105,11493,382,3861,418200
"Tract:9800.04",0,NA,NA,NA,NA,0,0,0,0,0,0,0,0,0,NA
"Tract:1918.14",6158,40.6,132000,52674,5.7,1054,490,368,105,3856,2224,6158,325,2096,412200
"Tract:1719.18",8443,31.7,76147,36332,15.5,1282,340,73,176,5504,5261,8443,1099,3442,270100
"Tract:1719.27",12912,27.8,77998,31639,18.1,1130,434,16,59,7285,9236,12912,1209,4978,233200
"Tract:1817.33",5608,31.9,98722,35347,5.7,755,469,15,0,3510,3386,5608,369,1711,272400
"Tract:1719.29",2477,39.6,67206,39104,6,445,142,26,0,1823,1589,2477,240,1205,210900
"Tract:1316.16",9531,31.6,86295,30134,17.7,959,295,55,34,6054,3121,9531,1627,3024,251600
"Tract:1203.02",4172,40,237308,120883,3.5,1272,435,260,261,2858,593,4172,49,2054,811400
"Tract:1111",3870,35.5,86250,75085,8,842,451,183,212,3078,1855,3870,197,3099,420500
"Tract:1917.02",7835,34.8,112000,74004,4.2,1620,1259,374,112,5064,1646,7835,439,3510,434200
"Tract:1720.03",5479,35,109337,36105,9.8,830,370,28,27,3407,3356,5479,361,1777,306300
"Tract:9800.01",0,NA,NA,NA,NA,0,0,0,0,0,0,0,0,0,NA
"Tract:1316.12",2368,30.8,91291,33531,5.7,252,79,50,35,1445,942,2368,825,722,250200
"Tract:1821.02",11979,39.4,164875,61549,8.8,2601,1670,381,187,7966,4337,11979,155,4313,540600
"Tract:1620.01",2259,38.3,54464,23206,15.6,116,74,18,0,1513,1951,2259,0,819,119300
"Tract:1918.12",3914,43.4,143535,62991,1.9,889,625,127,229,2542,1584,3914,115,1486,542000
"Tract:1818.21",3939,30.1,86324,39858,16.4,576,295,57,93,2437,2101,3939,86,1555,264200
"Tract:1918.04",12291,39.6,169254,55759,4,3077,1563,117,199,8386,3808,12291,547,3926,546700
"Tract:1912.02",4520,45.2,61401,37742,13.3,676,388,153,96,3523,2376,4520,461,2673,283400
"Tract:1907",3565,44.2,56121,61002,18.8,528,205,40,236,2389,2429,3565,14,1956,205200
"Tract:1311",3098,35.1,37901,19111,40.2,195,65,0,31,2009,2142,3098,796,1088,109800
"Tract:1215.06",4531,38.4,54237,29430,14.8,358,197,46,29,3246,2035,4531,843,1772,183400
"Tract:1212.04",7753,40.2,51966,31504,12.5,985,183,39,210,5549,4515,7753,822,4652,167900
"Tract:1210",7257,37.7,64688,30850,23.9,1055,473,35,89,4887,4083,7257,153,3049,276700
"Tract:1810.01",3514,34,62292,29483,13,538,135,20,21,2381,2614,3514,265,1296,232900
"Tract:1305",3732,35.4,30932,17864,43.4,138,43,0,8,2289,2789,3732,696,1870,158600
"Tract:1205.02",5198,30.8,52969,20943,30.6,338,77,15,0,3082,3648,5198,694,1971,132000
"Tract:1413",7272,41.8,53313,25804,24.7,340,173,0,24,5199,4875,7272,1207,3194,221500
"Tract:1208",7096,40.7,140086,64701,4.8,1714,1017,737,184,5045,1527,7096,353,3272,453200
"Tract:1607.01",3965,34.3,57880,19884,6.4,0,0,0,0,2582,3945,3965,0,1088,117200
"Tract:1503",3179,37.8,41780,23426,15.8,200,121,22,0,2235,2793,3179,34,1645,115800
"Tract:1817.12",3629,44.7,96563,39143,10.3,888,310,4,6,2688,1760,3629,337,1359,254900
"Tract:1717",8437,29.8,58192,21833,15.9,618,157,0,58,5040,6834,8437,850,2774,171900
"Tract:1719.16",10458,32.7,95259,35046,3.1,1050,624,53,22,6263,7153,10458,965,3205,268200
"Tract:1706",3654,45.8,56806,24933,25.1,240,58,17,7,2918,3373,3654,7,1790,154700
"Tract:1719.03",6009,31.6,59670,22856,14.9,187,226,1,0,3765,4806,6009,121,2001,172400
"Tract:1817.13",7409,35.5,83663,34769,5.7,919,317,103,37,4918,4586,7409,462,2808,254300
"Tract:1812",5044,47.6,117747,51514,2.6,1283,742,178,98,4018,1747,5044,23,2268,372200
"Tract:1820.02",9160,48.4,171426,79604,3.7,2071,1433,675,352,6559,3023,9160,108,3528,491500
"Tract:1817.22",4750,36.1,100714,35238,13.6,712,353,43,65,3123,2394,4750,230,1603,281800
"Tract:1720.02",32434,32.5,108359,38286,3.7,3406,2438,208,497,21236,17108,32434,4849,11342,334600
"Tract:1215.01",10086,37.5,94844,42600,2.1,1580,686,0,28,6933,4759,10086,1702,3777,258600
"Tract:1513.01",5073,34.8,52849,23003,31,163,34,0,0,3275,4709,5073,2,1864,123200
"Tract:1704.01",4501,27.2,40162,15125,40.6,51,9,0,0,2427,3937,4501,449,1605,103100
"Tract:1217.01",4781,43.1,74183,46162,9.6,580,210,0,9,3471,2513,4781,274,1937,225100
"Tract:1218.03",4885,38.2,85428,31427,9.7,491,143,25,24,3418,2520,4885,589,1914,226600
"Tract:1316.06",9699,30.3,112434,39692,7.4,1538,579,45,62,5754,4321,9699,2554,3201,269500
"Tract:9800.02",0,NA,NA,NA,NA,0,0,0,0,0,0,0,0,0,NA
"Tract:1201",7149,21.2,100662,27584,11.1,770,336,101,20,2397,1657,7149,1148,1173,NA
"Tract:1918.08",5959,31,111113,73298,5.6,1557,587,160,51,3961,1961,5959,640,2301,575100
"Tract:1918.16",3752,50.8,100577,71170,4.5,716,428,95,169,2913,1511,3752,226,1665,571700
"Tract:1219.09",9637,32,98056,39444,5.6,1496,662,16,151,6265,3415,9637,2574,3688,306500
"Tract:1918.11",5461,38.2,125567,51357,5.6,1154,586,142,234,3476,1926,5461,260,1868,513500
"Tract:1211.21",3113,42.7,124696,42439,9,594,251,88,71,2255,656,3113,106,1040,364900
"Tract:1217.02",6648,38.1,79428,41753,8.9,1003,708,88,76,4838,2070,6648,486,2759,339200
"Tract:1918.19",11740,35.8,134697,50823,12.9,3126,1172,484,123,7379,5123,11740,943,4037,451700
"Tract:1719.28",6436,37.1,131661,48208,6,1174,751,64,61,4401,4070,6436,692,1864,293600
"Tract:1205.03",3468,42.8,40625,28505,29.3,266,145,0,29,2732,1527,3468,518,1878,170200
"Tract:1918.18",6473,36.1,64665,47623,11,1713,348,100,122,4621,3485,6473,31,3084,460300
"Tract:1203.01",3320,40,99881,76083,1.3,867,407,220,20,2247,959,3320,51,1647,724800
"Tract:1716.01",3265,35.6,34659,17411,27.9,115,2,0,0,2035,2985,3265,101,1289,131000
"Tract:1811",5465,45.7,76270,46395,7.2,1458,471,167,152,4198,2993,5465,294,2703,382400
"Tract:1715.01",2238,38.6,38201,15762,28.1,99,44,0,0,1435,2047,2238,120,871,126700
"Tract:1513.02",3163,36.9,53021,23514,14.6,124,64,0,0,1954,2865,3163,0,1142,159200
"Tract:1216.04",10121,35.3,95821,36683,2.3,2006,550,0,22,6785,4083,10121,1419,3924,262200
"Tract:1318.02",11618,33.1,94953,39573,6.7,1867,663,29,0,7423,4502,11618,1682,4300,332200
"Tract:1306",3662,39.8,36517,22098,24.1,215,92,0,0,2764,2398,3662,688,1963,106700
"Tract:1212.05",3316,33.8,48600,35522,26.3,263,334,0,35,2328,1952,3316,538,1692,202500
"Tract:1205.04",5858,44,57765,30456,19.3,430,162,8,28,4650,3462,5858,413,2808,175500
"Tract:1211.23",5308,36.3,73571,40613,19.4,1260,405,99,29,3429,2857,5308,185,2512,366900
"Tract:1921",2453,43.4,105238,74950,6.6,520,314,210,68,2000,1346,2453,45,1776,486000
"Tract:1720.06",16108,31.2,116714,41768,10.3,2765,1364,20,30,9895,7317,16108,1245,5529,357500
"Tract:1522.02",6588,48,53072,28007,14.9,281,121,0,0,4842,4943,6588,53,2748,122100
"Tract:1605.02",3671,36.6,49523,17503,33.5,143,28,0,0,2432,3461,3671,61,1276,118100
"Tract:1915.04",2770,50.1,201875,112730,3,650,440,226,50,1859,1148,2770,28,1068,968200
"Tract:1315.05",5888,32.6,91954,38302,11.9,727,396,26,0,4028,2094,5888,2499,1904,220600
"Tract:1803",4654,36.3,45335,26012,26,337,246,3,5,2997,4172,4654,55,1561,179800
"Tract:1211.11",7000,34.4,84174,38715,10,1270,416,16,21,5170,4158,7000,520,2848,236800
"Tract:1701.02",2960,38.7,42368,18643,35.6,128,20,0,63,1933,2838,2960,2,1240,99600
"Tract:1817.27",5685,30.6,70341,26325,7.9,476,219,19,0,3708,4381,5685,327,2023,214800
"Tract:1817.31",6863,34.8,83607,36208,9.9,1233,487,95,0,4547,4701,6863,530,2433,234000
"Tract:1719.21",7092,29.8,74987,26894,18.2,409,184,1,11,4221,4693,7092,507,2066,202000
"Tract:1915.05",2100,54,134500,87826,3.1,561,267,262,64,1648,943,2100,0,885,584500
"Tract:1101",3606,34.6,52109,45716,12.1,947,398,71,96,2866,1755,3606,234,3561,611800
"Tract:1409",1772,40.8,43297,21707,10.8,42,0,0,0,1296,1404,1772,24,802,119700
"Tract:1211.10",5363,35.3,68210,47537,5,892,397,41,41,3558,2781,5363,224,2316,259200
"Tract:1315.07",5589,31.4,49306,21180,18.1,348,62,12,12,3460,3697,5589,1258,1950,161100
"Tract:1821.01",17691,37,160801,68745,2.7,4822,1821,476,190,11117,4850,17691,387,6120,459100
"Tract:1918.06",8457,39.7,195745,76984,2.5,1922,1409,503,201,5442,2060,8457,261,3254,622200
"Tract:1818.11",3733,40.8,84093,47061,5.4,656,336,110,110,2760,1895,3733,180,1675,277700
"Tract:1212.03",4425,39.1,58365,29408,17.1,292,149,19,0,3076,2681,4425,362,1935,161900
"Tract:1206.02",4098,32.5,81034,58449,6.4,652,673,194,86,2572,865,4098,10,2205,373800
"Tract:1519",9701,33.2,83629,29141,14,649,441,80,28,5678,8100,9701,163,3455,246500
"Tract:1918.07",10817,34.1,81268,73892,5.9,3265,1054,322,291,8234,4483,10817,353,6597,670400
"Tract:1318.01",3433,38.1,106645,49970,4.3,572,290,34,16,2390,933,3433,58,1285,284900
"Tract:1914.06",7002,44,129086,73607,2.5,1843,788,246,218,4977,2660,7002,174,2885,491700
"Tract:1918.15",4762,38.4,117650,57917,8.4,1098,530,194,96,3000,2000,4762,322,1812,436600
"Tract:1821.05",15669,33.6,125721,42925,2.7,3435,1248,68,329,9548,7751,15669,1643,5443,403500
"Tract:1714.02",5997,32.7,46604,18670,23.2,134,11,0,0,3512,5528,5997,65,1816,134100
"Tract:1402",1969,38.5,46250,31441,24.6,224,130,0,8,1346,1489,1969,120,1045,256600
"Tract:1719.20",7853,31.9,76120,30568,7.5,647,350,6,0,5059,5727,7853,1219,2526,180100
"Tract:1701.01",3543,37.2,41955,17682,36.3,63,54,33,0,2432,3510,3543,15,1245,98800
"Tract:1914.10",6338,28.7,48234,34187,24.2,576,293,159,210,3807,4219,6338,356,3689,240500
"Tract:1401",1507,36.2,67731,28522,8.9,121,40,0,14,1163,1218,1507,13,590,242500
"Tract:1211.18",5649,38.1,75667,47874,8.4,1212,505,118,71,4064,2446,5649,100,2525,365200
"Tract:1818.20",9990,20.4,57061,20857,40.4,869,305,99,152,2637,4731,9990,1219,2641,405600
"Tract:1211.20",4954,38.5,80806,34322,4.9,884,207,107,76,3445,2569,4954,402,1976,256600
"Tract:1219.08",3132,44.7,146685,57949,4.6,714,518,57,35,2209,816,3132,0,1081,453000
"Tract:1817.25",5714,35.5,53516,30042,16.3,398,155,0,55,3960,3819,5714,666,2825,260400
"Tract:1814.04",5631,29.7,66821,35737,17.6,1201,703,117,42,3883,2577,5631,581,3484,219800
"Tract:1419",5713,38.9,75332,31145,15.1,521,53,0,75,3477,3150,5713,241,1992,259000
"Tract:1801.01",5054,47.4,66652,33210,17.9,490,376,91,103,3883,3668,5054,1,1975,257700
"Tract:1817.20",5341,39.6,125225,40659,2,776,591,42,89,3673,2431,5341,81,1621,325500
"Tract:1219.06",8863,33.8,99990,48470,3.9,2050,743,177,129,6227,3649,8863,472,3538,366300
"Tract:1414.02",5995,37,85778,32276,6.2,671,237,16,50,3753,4285,5995,242,2081,237400
"Tract:1820.03",4879,44.5,133795,64410,1.6,967,622,262,173,3389,1360,4879,166,1985,463900
"Tract:1417",8807,29.4,80457,30522,19,655,314,15,26,5028,5443,8807,943,2687,243900
"Tract:1616",4984,38.3,36299,18830,30.2,114,49,0,0,3195,4550,4984,42,1772,138900
"Tract:1219.11",8308,35,159271,57673,2.7,1470,1075,107,117,5129,2780,8308,321,2697,443700
"Tract:1204.02",2880,44.6,250001,145019,1,855,369,294,76,1878,453,2880,0,1081,1087100
"Tract:1818.08",1941,36.9,79050,49018,16.6,330,362,95,30,1497,901,1941,79,980,395000
"Tract:1218.08",3087,37.1,81845,42651,17.1,400,243,81,0,2215,1512,3087,101,1158,256400
"Tract:1818.26",6952,32.3,104318,37300,10.7,1273,709,12,151,4238,3734,6952,224,2400,277100
